quarter,objective,target_score,current_score,confidence_level,owner
Q1 2024,Increase customer acquisition,100,95,Low,Finance
Q1 2024,Improve product quality,100,90,Medium,Engineering
Q1 2024,Enhance team productivity,100,81,Low,HR
Q1 2024,Expand market presence,100,68,High,DevOps
Q1 2024,Optimize operational efficiency,100,64,Low,Marketing
Q2 2024,Increase customer acquisition,100,93,Medium,HR
Q2 2024,Improve product quality,100,89,Low,HR
Q2 2024,Enhance team productivity,100,84,Low,Marketing
Q2 2024,Expand market presence,100,80,High,Product
Q2 2024,Optimize operational efficiency,100,85,High,Marketing
Q3 2024,Increase customer acquisition,100,95,Low,Product
Q3 2024,Improve product quality,100,89,Medium,Marketing
Q3 2024,Enhance team productivity,100,77,Medium,Finance
Q3 2024,Expand market presence,100,74,Low,Engineering
Q3 2024,Optimize operational efficiency,100,64,Medium,HR
Q4 2024,Increase customer acquisition,100,61,High,Product
Q4 2024,Improve product quality,100,85,Medium,Finance
Q4 2024,Enhance team productivity,100,60,Medium,Engineering
Q4 2024,Expand market presence,100,72,Medium,DevOps
Q4 2024,Optimize operational efficiency,100,91,Medium,Marketing
